timestamp,panel_number,variation,seed,prompt,output_path
2025-04-17T03:29:31.769234,1,1,747632286252745,"â€œThe Celebrity Hotdogâ€
Style: Black-and-white manga panel in cinematic layout. Bold ink work, expressive faces, high detail. Crosshatching used for shading and depth. High-contrast dramatic lighting for emotional tension.

Scene Description: A bustling street in a Canadian city, inspired by multicultural neighborhoods like Kensington Market or Granville Island. Storefronts and food stalls are everywhere â€” tacos, sushi, falafel, poutine â€” all visually distinct. The mood is celebratory and vibrant, with motion lines and crowd density emphasized in the background.

In the center of the panel, standing tall and proud like a local celebrity, is a cartoon-style anthropomorphic hotdog. It has big expressive eyes, a joyful grin, gloves, and shiny boots. It's posing like a mascot. Above it is a bold banner stretched between poles that reads:
â€œServing Happiness Since 1926â€

Kids and families are surrounding the hotdog with excitement â€” waving, smiling, holding balloons, pointing cameras. The crowd is diverse and happy, drawn with warm, soft linework and joyful facial expressions. Some children are even holding tiny hotdog plush toys.

On the sides of the street are three elite food groups â€” a sushi roll, a taco, and a sandwich â€” each one drawn with exaggerated swagger and â€œcool guyâ€ energy. They wear cartoon sunglasses, lean against food trucks, and look smugly at the hotdog from afar. Their body language suggests superiority or subtle mocking.

Above the scene, a futuristic drone hovers directly over the hotdogâ€™s head. The drone has a glowing red spotlight focused downward, illuminating the hotdogâ€™s face in a dramatic contrast. It projects a holographic warning sign in glitchy typeface:
â€œCATEGORY UNCLEAR â€” SUSPECT FOUNDâ€

The droneâ€™s presence darkens the upper portion of the panel. The hotdog looks slightly confused, but still holds a smile. People around are still cheering, unaware of the surveillance.

Key Visual Elements:

Busy Canadian multicultural street (architecture, diversity, bilingual signs)

Hotdog in the spotlight â€” mascot pose, banner above

Kids smiling, waving, excited crowd energy

Side characters (sushi, taco, sandwich) oozing attitude with sunglasses, side-eye glances

Suspicious drone above, glowing red, flashing warning

Manga Style:

Bold panel lines separating the top drone layer from the cheerful bottom half

Soft halftone shading on faces and clothes

Glitch-style manga font for the warning: CATEGORY UNCLEAR

Foreground contrast to emphasize the split emotion: joy below, threat above. , manga style, vibrant colors",panel_1_v1_00001_.png
2025-04-17T03:29:31.775086,2,1,747632286252745,"â€œThe Swoopâ€ â€” Hotdog's Arrest Scene
Style: Full-color manga panel with dramatic lighting, intense expressions, dynamic movement lines, and cinematic atmosphere. The vibe shifts from cheerful to threatening in a moment. Background should reflect a lively street market suddenly silenced by shock.

Scene Description: A squad of SWAT-style sandwich enforcers descends from above â€” they rappel down using ropes from an armored food truck labeled â€œF.I.I.â€ (Food Identity Inspection). Each sandwich is bulky, square-jawed, and intimidating. They wear navy tactical gear with patches shaped like grilled bread. Their helmets have tomato-slice visors.

The main sandwich commander slams to the ground hero-style, fist down, crumbs flying. His crusted body is made of sourdough and ham layers, and he points a mustard-stained glove at the hotdog. His face is contorted in angry righteousness.

Speech bubble (angrily shouting, bold font, cracked outline):
â€œYou there! Misrepresentation of food identity!â€

In the center, the hotdog stands frozen, visibly panicked. His pupils shrink, heâ€™s sweating ketchup, and his hands are half-raised in fear. Behind him, families and children from Page 1 are seen gasping, some covering mouths, others stepping back.

Background characters: Shocked sushi, frightened taco, camera flashes from the crowd. One child cries, clutching a hotdog balloon.

Lighting: Harsh shadows from drone spotlights above; dramatic orange and red tones to show rising tension.

Camera angles:

Wormâ€™s-eye angle for sandwich squad descending from sky

Over-the-shoulder shot of hotdog facing down the enforcer

Crowd shot with layered expressions of confusion and fear

Bonus Panel (optional inset):

Close-up on the red warning from the police drone:
â€œIDENTITY BREACH â€” ARREST PROTOCOL ENGAGEDâ€. , manga style, vibrant colors",panel_2_v1_00001_.png
2025-04-17T03:29:31.782865,3,1,747632286252745,"â€œDragged Awayâ€
Style: Full-color manga panel, cinematic with dramatic lighting and emotional expression. Manga ink-shading with color overlay for heightened emotional tone. Slight motion blur to emphasize struggle.

Main Panel Scene:

The hotdog is being dragged away by two muscular sandwich enforcers in tactical F.I.I. uniforms. His legs trail behind as his body is pulled toward a dark food truck with the door open. His eyes are wide with fear, and thick ketchup drips from his forehead and side like sweat, leaving streaks on the pavement.

His hands are half-lifted, fingers slightly curled â€” not resisting but overwhelmed. One of his cartoon-gloved shoes falls off behind him.

Background:

The once-happy street is now frozen in shock.

Children are crying, one girl holds a hotdog plushie and sobs. A mother kneels beside a child, shielding their eyes.

Some bystanders have phones out, filming in confusion.

The taco and sushi characters stand still, stunned, their sunglasses now lowered in disbelief.

Lighting & Tone:

The top of the scene is darkened by the red glow of the drone spotlight.

Shadows stretch behind the hotdog as if foreshadowing a fall from grace.

Heavy ink lines around emotional expressions: tears, widened eyes, clenched crusts.

Inset Panel (bottom corner):

Narration Box styled like a manga caption ribbon:
â€œAnd so began the trial of the centuryâ€¦â€

Background is grayscale smoke and spotlight beams over the truckâ€™s open door.. , manga style, vibrant colors",panel_3_v1_00001_.png
2025-04-17T03:29:31.786675,4,1,747632286252745,"â€œThe Food Court Revealedâ€
Style: Full-color manga panel layout with a majestic, fantastical tone. Architectural satire mixed with food-themed design elements. Use dramatic perspectives, lush lighting, and cinematic shading. The tone is both whimsical and grand, like entering the Supreme Court in a food-based world.

Panel 1: Exterior Shot â€“ The Food Court Building
A large, majestic courthouse rises into the sky. The architecture is playfully absurd but regal, like the U.S. Supreme Court meets Willy Wonka.

Pillars are made from stacked golden onion rings, crispy and slightly oily at the edges, catching light like Corinthian flourishes.

The wide marble staircase leading to the entrance is shaped like giant slices of bread, toasted slightly on the edges, with buttery highlights.

The sign above the door reads in serif engraving:
â€œThe Food Court â€“ Order, Justice, and Garnishâ€

Flags flap beside the door â€” one with a ketchup bottle, the other a mustard bottle, styled like national emblems.

Small food citizens (wraps, meatballs, dumplings) walk the steps in formal attire.

Lighting: Late morning with warm sun flaring at the top of the courthouse roof.

Camera angle: Low-angle â€œhero shotâ€ that makes the courthouse seem imposing, towering above the viewer.

Panel 2: Interior Shot â€“ The Grand Courtroom
A high-ceiling, wood-toned courtroom fully stylized in food decor.

At the front: Judgeâ€™s bench is shaped like a large toasted loaf of bread, with a crusted edge, butter trim, and a golden glow.

Behind it hang two massive flags: a ketchup bottle in place of the Canadian flag, and a mustard bottle replacing the province banner.

The walls are made of woven cracker textures, and ornate chandeliers hang down shaped like upside-down colanders.

In the middle foreground: an empty defendantâ€™s box (foreshadowing Hotdog's entry), slightly dark and spotlit.

Gallery seats are lined with baguettes as benches.

Camera angle: Wide-angle view from the back of the courtroom, drawing focus to the judgeâ€™s bench.

Mood: Majestic, surreal, and slightly humorous â€” the tension is beginning to build.. , manga style, vibrant colors",panel_4_v1_00001_.png
2025-04-17T03:29:31.789265,5,1,747632286252745,"â€œCourt is Now in Sessionâ€
Style: Full-color manga panel with dramatic courtroom composition, cinematic framing, warm-to-neutral lighting, and emotional atmosphere. Use a courtroom anime/manga tone â€” formal, slightly surreal, infused with humor and gravity. Rich in architectural detail and expression work.

Main Panel Scene:
In the center foreground, the hotdog sits alone in the defendantâ€™s box, visibly trembling. He grips the wooden railing with gloved hands, his eyes wide and nervous. Beads of ketchup sweat slide down his face. His once-proud chefâ€™s hat is slightly crumpled. His legs are dangling nervously.

The background shows a large gallery of food characters seated and watching quietly. Among them:

A tough-looking burger with grill marks and a napkin tucked in like a bib

A stoic sushi roll wearing a seaweed sash

A chill falafel leaning with crossed arms and a headband

A curious taco with one eyebrow raised and salsa dripping slightly
Each has distinct styles and personalities, reflecting a mix of cultures, like a foodie United Nations.

At the top of the dais is the Judge Sandwich, majestic and stern. His crust is toasted brown, and he wears a powdered sugar wig. With dramatic flair, he raises a breadstick gavel and slams it down on a pretzel coaster.

Speech Bubble (Judge Sandwich):
Large, serif-styled speech bubble with bold lettering:
â€œCourt is now in session.â€

Lighting:
Warm light filters through stained-glass windows depicting ancient food myths. A slight red spotlight still lingers from the drone on the defendant box, creating tension.

Camera Angle:
Slight high-angle perspective, framing both the hotdogâ€™s vulnerable position and the grandeur of the courtroom behind.

Optional inset panel: Close-up on the hotdogâ€™s nervous face and shaky gloves gripping the wood.. , manga style, vibrant colors",panel_5_v1_00001_.png
2025-04-17T03:29:31.792960,6,1,747632286252745,"â€œData Walks Inâ€ â€” The Analyst Appears
Style: Full-color manga panel with dramatic courtroom atmosphere and a confident character introduction. Use cinematic spotlighting, clean line art, and manga-style speed lines or exaggerated glow to enhance presence. Blend professional seriousness with warm charm.

Scene Description:
A short Indian girl enters the courtroom with confident stride. She is the Data Scientist â€” the appointed expert witness.

She has cappuccino-brown skin, shoulder-length wavy brown hair, and wears sleek red glasses that shine under the courtroom light.

She holds a tablet glowing with charts, her body language firm, focused, and self-assured. Her clothing is modern academic â€” long coat, simple techwear-style pants, small sneakers.

A gentle breeze lifts her coat slightly as she walks, evoking motion and command of the room. Her glasses reflect pie charts and graphs.

Spotlight beam follows her as she walks down the courtroom aisle toward the judge, with the stunned food gallery watching curiously.

Text Bubble (spoken calmly with a smile):
â€œYour Honor, I represent data â€” not taste.â€

Background Details:
The courtroom gallery is filled with sushi, burger, taco, and falafel characters leaning forward, intrigued.

The judge sandwich leans slightly forward behind the bread bench, crusted brow raised in interest.

A screen behind the Data Scientist flickers with faint outlines of a pie chart titled: â€œPublic Sentiment: Is a Hotdog a Sandwich?â€

Lighting:
Warm overhead spotlight on the Data Scientist.

Slight backlight behind her tablet screen.

Hazy ambient courtroom lighting with deeper shadows near the gallery corners.

Camera Angles:
Wide frontal shot of her walking down the aisle.

Inset profile panel showing her bold stride and the glint in her glasses.

Close-up of the judge reacting to her entrance.. , manga style, vibrant colors",panel_6_v1_00001_.png
2025-04-17T03:29:31.795046,7,1,747632286252745,"â€œSo the Youth Support Itâ€¦â€
Style: Full-color manga panel with high-contrast courtroom lighting, expressive character design, and clean floating data visualizations that feel part of the scene (holographic or magical realism tone). Scene combines intellectual authority with quiet tension.

Main Scene:
The Data Scientist, a short Indian girl with cappuccino-brown skin, red glasses, and a glowing tablet, stands at the center of the courtroom. She gestures confidently toward a set of floating, semi-transparent charts hovering above her.

Chart 1 (left): A large holographic pie chart, labeled â€œQ1 Survey Results: Is a Hotdog a Sandwich?â€, with segments clearly labeled:

âœ… Yes â€“ 30%

âŒ No â€“ 60%

ğŸ¤” It depends â€“ 8%

ğŸš« I refuse to answer â€“ 2%
(Use pastel green, red, orange, and brown tones respectively)

Chart 2 (right): A crisp horizontal bar graph, labeled â€œBy Generation â€“ Who Says Yes?â€, showing highest â€œYesâ€ percentages among:

Gen Z â€“ 41%

Millennials â€“ 34%

Gen X â€“ 25%

Boomers â€“ 20%
Each bar styled with generational color tones and labeled with a soft glow. Gen Z bar is longest and brightest.

Judge Sandwich leans slightly forward behind his toasted loaf bench, eyes narrowed with intrigue.

Gallery murmurs in background: visual sound effects like â€œmurmur murmurâ€¦â€ in manga-style script above sushi, taco, and falafel characters.

Text Bubble (Judge Sandwich):
Bold, serif bubble emerging from his crusted mouth: â€œSo the youth support itâ€¦ Interesting.â€

Lighting:
Focused white and blue light on the floating graphs.

Warm courtroom tones in the back, slightly desaturated gallery.

Camera Composition:
Mid-wide shot with the Data Scientist centered and charts rising beside her.

Angle tilted slightly upward to emphasize the authority of information.. , manga style, vibrant colors",panel_7_v1_00001_.png
2025-04-17T03:29:31.797000,8,1,747632286252745,"â€œLetâ€™s Hear from the Peopleâ€
Style: Full-color manga illustration, courtroom anime visual tone, emotional and cinematic. Use glowing spotlight and layered composition to emphasize shifting tone from cold judgment to democratic participation.

Scene Composition:
The Data Scientist stands confidently in the center of the courtroom, tablet in one hand, her red glasses catching the light. She looks toward the judge but gestures broadly to the gallery.

A text bubble floats from her mouth, clean and sharp:
â€œLetâ€™s hear from the people.â€

Behind her, the gallery of food citizens lights up â€” tacos, burgers, sushi, falafel, bagels, shawarma, all sitting up straighter or whispering in curiosity.

The Judge Sandwich, sitting on his toasted bread bench, leans forward with a furrowed brow, hand on his gavel but not slamming it.

The back wall of the courtroom glows faintly, as if anticipating projections or testimonies about to begin.

A faint shimmer overlays the scene â€” the energy is changing.

Lighting & Style:
Warm spotlight on the Data Scientist, cooler tones on the judge, ambient glow in the background.

Use subtle motion lines to draw attention to her raised hand and dynamic presence.

Camera angle: Slight low-angle, framing her as an assertive truth-bearer about to introduce the real voices of the people.

Emotion:
This is a pivotal moment â€” her posture is steady, her voice is clear, and the room is listening.. , manga style, vibrant colors",panel_8_v1_00001_.png
2025-04-17T03:29:31.798854,9.1,1,747632286252745,"â€œWitness 1: The Bread Traditionalistâ€
Style: Full-color manga panel with dramatic courtroom atmosphere. Grand, aged design elements with parchment textures and historical symbolism. Blend of reverence and stubborn tradition.

Main Panel Composition:
In the witness stand sits the Bread Traditionalist, an elderly sandwich made from crusty rye bread, with spectacles made of sesame seeds and a quill tucked behind one lettuce leaf.

He wears a scholarly robe stitched from woven napkins and holds up a massive aged scroll titled: â€œThe Sandwich Constitutionâ€ The scroll crackles slightly, with visible tears, creases, and faint sauce stains.

The scroll text is stylized like old English legal script. An underlined section reads boldly: â€œOnly two slices. Thatâ€™s the law.â€

The Bread Traditionalistâ€™s expression is firm, stubborn, and proud. One crusted brow is raised.

The Data Scientist watches quietly, arms crossed, analyzing.

Background:
The courtroom gallery looks tense. The taco squints skeptically. The sushi bites its lip.

A golden wheat motif decorates the wall behind the witness box.

Lighting:
Warm spotlight focuses on the scroll. Slight vignetting on corners for emphasis.

Speech Bubble:
Text bubble from the Bread Traditionalist, bold serif font, framed like a proclamation: â€œOnly two slices. Thatâ€™s the law.â€

Camera Angle:
Slight upward tilt from below the scroll to add grandeur to the statement.

Optional side panel: close-up of the words â€œTwo slices.â€ underlined on the scroll.. , manga style, vibrant colors",panel_9.1_v1_00001_.png
2025-04-17T03:29:31.800815,9.2,1,747632286252745,"â€œCross-Examination Beginsâ€ â€” 
Style: Full-color manga panel with dramatic courtroom framing. High detail in character expression and attire. Use soft spotlighting on faces, deep shadows behind the judgeâ€™s bench, and parchment-toned warmth around the scroll. The tone is respectful but intense â€” a quiet challenge that shifts the courtroomâ€™s mood.

Scene Description:
The Data Scientist, a short Indian woman with cappuccino-brown skin and shoulder-length brown hair, stands poised beside the witness box. She wears red-rimmed glasses that catch the courtroom light and holds a sleek glowing tablet at her side. Her coat flows gently, and her brow is furrowed â€” sheâ€™s calm, assertive.

She leans slightly toward the Bread Traditionalist, who is seated in the witness box, clutching the scroll titled â€œThe Sandwich Constitution.â€ Heâ€™s a crusty rye-bread character in a napkin-stitched robe, with sesame spectacles, and a leafy quill tucked behind one lettuce ear.

The air is still. Gallery characters â€” the taco, sushi, and burger â€” lean forward with intrigue.

Text Bubble (Data Scientist, formal tone):
â€œSir, with all due respect to the Sandwich Constitutionâ€¦ when was it written?â€

Lighting:
A warm overhead spotlight focuses on the Bread Traditionalistâ€™s scroll and face, while cooler courtroom tones surround the Data Scientist, emphasizing the contrast between tradition and logic.

Camera Angle:
Over-the-shoulder shot from behind the Data Scientist, with the Bread Traditionalist in focus, scroll clearly visible. Optional inset: close-up on the judge sandwich watching carefully, eyes narrowing.

Visual Elements:

Scroll faintly glowing, marked with grease spots and creases

Soft shadows falling across the wooden stand

Facial expressions are the focus: sincere inquiry from the Data Scientist; stiff defiance from the witness. , manga style, vibrant colors",panel_9.2_v1_00001_.png
2025-04-17T03:29:31.802648,9.3,1,747632286252745,"â€œThe Sandwich Constitution is Lawâ€ â€”
Style: Full-color manga panel with a serious, traditional courtroom tone. Textured parchment glow around the scroll, deep wood-toned shadows in the background. Bold linework on facial features, heavy halftone shading for gravity. Regal, almost biblical in aesthetic.

Scene Description:
The Bread Traditionalist sits upright in the witness box, lifting the ancient, grease-stained scroll titled â€œThe Sandwich Constitutionâ€ toward the courtroom with both hands. His rye-crusted frame is wrapped in a scholarly robe stitched from white linen napkins. His sesame-seed spectacles glint in the courtroom light, and his expression is filled with reverence and righteous conviction.

Behind him, the wall bears a golden wheat motif. The scroll is tattered but glowing faintly. Bold, underlined text on the parchment reads: â€œOnly two slices.â€

The Judge Sandwich watches quietly, eyes narrowing slightly. The gallery is hushed.

Text Bubble (Bread Traditionalist)
Bold, serif-style text in a proclamation-style speech bubble:
â€œ1912. Ratified by the Deli Convention of â€™13. The rule was clear: Only two slices. Thatâ€™s the law.â€

Lighting:
Focused golden spotlight over the scroll, casting shadows behind the Traditionalist. Subtle candlelight warmth around the witness box; cooler blue-gray tones in the gallery and judgeâ€™s bench.

Camera Angle:
Slight low-angle shot looking up at the Bread Traditionalist holding the scroll â€” emphasizes gravitas. Optional inset: close-up of the scroll with underlined phrase â€œOnly two slices.â€

Visual Elements:

Heavy folds and crumbs falling from the scroll

Intense shadows under his brow and spectacles

Crumbs subtly trail across the polished wooden stand

The gallery, mostly dimmed, draws all attention to the scroll. , manga style, vibrant colors",panel_9.3_v1_00001_.png
2025-04-17T03:29:31.804601,9.4,1,747632286252745,"â€œSomething Unexpectedâ€ 
Style: Full-color manga panel with soft dramatic lighting, clear facial emotion, and suspenseful pause before revelation. Use crisp linework, elegant shadows, and a glowing highlight on her face or glasses. Framing should emphasize rising tension and quiet authority.

Scene Description:
The Data Scientist, a short Indian woman with cappuccino-brown skin, shoulder-length brown hair, and red-rimmed glasses, stands at the center of the courtroom floor. Her tablet is at her side, not yet raised. She gazes toward the judge and witness box, her face calm but serious â€” lips slightly parted as she delivers a pivotal line.

Her red glasses catch a subtle light glint. A low ripple of tension can be felt in the gallery.

The Bread Traditionalist is seated in the corner of the panel, still gripping the Sandwich Constitution scroll. The Judge Sandwich watches with a furrowed crust.

Text Bubble (Data Scientist, measured tone):
â€œIndeed. But when we looked at todayâ€™s voices, something unexpected stood out.â€

Lighting:
A soft, rising spotlight on the Data Scientistâ€™s face from below. The rest of the panel has subtle courtroom ambiance â€” warm wood tones, faint glows on brass and glass elements.

Camera Angle:
Medium-wide profile shot from slightly below, showing the Data Scientist in front and the Bread Traditionalist and judge in the background. Creates visual anticipation. Optional close-up inset on her glasses reflecting ghosted pie chart outlines.

Visual Elements:

Slight wind movement in her coat hem

Tablet at her side glowing faintly

Gallery characters slightly blurred, heads tilted in curiosity

Scroll in Bread Traditionalistâ€™s lap no longer glowing. , manga style, vibrant colors",panel_9.4_v1_00001_.png
2025-04-17T03:29:31.806675,9.5,1,747632286252745,"â€œPublic Sentiment Revealedâ€ â€” 
Style: Full-color manga panel with cinematic courtroom energy and data-driven magical realism. Use clean graphic overlays for the chart, atmospheric glow effects, and bold facial reactions. Strong compositional contrast between warm traditional wood tones and cool, modern holographic blues.

Scene Description:
The courtroom dims slightly as the Data Scientist, now holding her tablet high, activates a floating holographic bar graph that glows above the courtroom floor.

The graph title reads:
â€œWho Believes a Hotdog is a Sandwich?â€

Bar segments hover in mid-air, glowing with soft neon edges:

Seniors â€“ 53% (light green)

Gen Z â€“ 41% (blue)

Adults 35â€“50 â€“ 25% (orange)

The Judge Sandwich and Bread Traditionalist both appear stunned, their eyes wide, leaning forward. Gallery characters whisper and glance at one another. The glow from the chart reflects off wooden benches and food-character faces.

Text Overlay (Graph Title):
Top of chart reads in serif manga font:
â€œPublic Sentiment by Generationâ€

Lighting:
The graph casts a soft blue-green glow across the panel. All eyes are drawn to it. The Data Scientist stands illuminated beneath it, serious and still. Warm shadows fall behind the traditionalist and the bench.

Camera Angle:
Low upward shot from behind the Data Scientistâ€™s shoulder. The full graph dominates the upper frame. Optional side-panel: close-up on the Bread Traditionalistâ€™s face looking shocked.

Visual Elements:

Crisp floating bars with numeric labels

Judgeâ€™s gavel slightly raised but paused

One of the gallery tacos whispers to a sushi roll

Gentle sparkles or tech-glow around the chart edges. , manga style, vibrant colors",panel_9.5_v1_00001_.png
2025-04-17T03:29:31.808634,9.6,1,747632286252745,"â€œClinging to the Labelâ€
Style: Full-color manga panel with dramatic forward motion and emotional gravity. Use courtroom spotlighting, motion streaks on her coat, and sharp shadows on wood surfaces. The tone is assertive, truth-revealing, and quietly confrontational.

Scene Description:
The Data Scientist takes a few steps forward from the projection area, heading confidently toward the judgeâ€™s bench. Her expression is focused, voice rising slightly. Her red-rimmed glasses glint under the courtroom lights, and her tablet glows at her side.

Behind her, the holographic chart still floats faintly â€” its glow dimmed but visible.

The Bread Traditionalist looks downward slightly, shaken.
The Judge Sandwich watches with raised crusted brow, unsure whether to intervene or reflect.

Text Bubble (Data Scientist, firm tone):
â€œThe most open-minded were not just the young... but the old. It's the middle â€” the ones in their 30s and 40s â€” who are clinging hardest to the label.â€

Lighting:
Spotlight now follows the Data Scientist as she approaches the bench. Soft backlight from the hologram graph, casting a dual glow â€” truth behind her, tradition ahead.

Camera Angle:
Low, wide-angle view from floor-level behind the witness stand, framing her movement as assertive. Optional inset: the judge looking contemplative.

Visual Elements:

Motion lines behind her stride

Light wind fluttering her coat

Gallery background slightly blurred â€” all focus on her and the bench

Reflections on the judgeâ€™s loaf bench surface. , manga style, vibrant colors",panel_9.6_v1_00001_.png
2025-04-17T03:29:31.810645,9.7,1,747632286252745,"â€œA Room Divided, Ready to Listenâ€ 
Style: Full-color manga panel with cinematic softness, emotional expressiveness, and powerful composition. Use warm lighting on the Data Scientist, cooler tonal contrast on the gallery, and deep facial emotion. This is the turning point: truth lands, and the courtroom leans in.

Scene Description:
The Data Scientist stands firm in front of the bench, one hand raised and open â€” gesturing toward the gallery behind her. Her posture is bold but not confrontational, her expression one of clarity, not defiance. Her glasses catch the light, and her face reflects both strength and vulnerability.

The gallery of food citizens is now fully in view:

A sushi roll places a hand over its heart.

A burger lowers its shades, visibly touched.

A falafel leans in, curious.

A taco looks tearful, hand on a childâ€™s shoulder.

All are leaning forward. Their once-dismissive body language has softened. They are listening. The Bread Traditionalist, just behind her, looks quietly conflicted.

Text Bubble (continued from previous panel):
(Same bubble style â€” now extended)
â€œShe gestures to the gallery â€” diverse, emotional, leaning forward.â€

Lighting:
Subtle bloom behind the Data Scientistâ€™s silhouette. Warm spotlights fall diagonally from above. The front of the gallery is gently illuminated by her gesture.

Camera Angle:
Wide-angle shot over the shoulder of the Data Scientist, with full view of the gallery. Emotional focus is on their reactions, with her in the foreground. Optional inset: child hotdog plushie being held tightly.

Visual Elements:

A soft sparkle or glow around the gallery zone

Tension has broken â€” replaced with intrigue and emotion

A faint red thread from droneâ€™s prior presence still glows in the upper corner â€” fading

Would you like me to now script the next panel where she declares the heart of the story: â€œWe live in the most diverse culinary era in history...â€?. , manga style, vibrant colors",panel_9.7_v1_00001_.png
2025-04-17T03:29:31.812605,9.8,1,747632286252745,"â€œThe Era of Shared Menusâ€ â€” 
Style: Full-color manga panel with sweeping, hopeful energy. Use layered lighting, warm glows, and elegant composition. Style should evoke a speech from a cinematic hero â€” a character who brings clarity at a cultural turning point.

Scene Description:
The Data Scientist stands tall at the center of the courtroom floor, now turned fully toward the audience â€” the gallery, the judge, the Bread Traditionalist, and us, the reader.

Her eyes are bright, voice steady, one hand lifted slightly toward the ceiling â€” as if referencing something bigger than the courtroom itself. Her tablet is tucked under her arm, forgotten in this moment of pure humanity.

Behind her, soft outlines of iconic foods appear in a stylized visual echo:

A taco, a falafel, a bÃ¡nh mÃ¬, and a bagel, all drawn in elegant halftone layers floating lightly around her like memories or symbols of culture.

The Judge Sandwich leans forward, visibly moved. A faint tear glimmers near the eye of the Bread Traditionalist.

Text Bubble (Data Scientist, heartfelt and inspiring):
â€œWe live in the most diverse culinary era in history. When tacos, falafels, bÃ¡nh mÃ¬ and bagels share menus â€” how can we not share definitions too?â€

Lighting:
Golden overhead light forms a radiant ring behind the Data Scientist. The gallery is fully visible, bathed in soft glow. The courtroom looks warmer now â€” like something has shifted.

Camera Angle:
Wide, cinematic shot that frames her as the emotional core of the room. Optional floating captions that label each food spirit image behind her.

Visual Elements:

Floating stylized symbols of the diverse foods

Gallery leaning forward with softened expressions

The Bread Traditionalist loosening grip on the scroll

A child quietly nodding, clinging to their hotdog plushie. , manga style, vibrant colors",panel_9.8_v1_00001_.png
2025-04-17T03:29:31.814641,10,1,747632286252745,"â€œI Call the Taxonomistâ€ â€” 
Style: Full-color manga panel with courtroom formality, clean structure, and visual elegance. Spotlighting, subtle movement lines, and confident expressions. Think of it as a ""science meets order"" scene â€” calm before the logic storm.

Scene Description:
The Data Scientist, standing near the witness box with her tablet tucked under her arm, gestures confidently toward the courtroom entrance. Her glasses gleam under the lights, and her coat sways slightly. Sheâ€™s in command.

The Judge Sandwich raises one brow in curiosity.

From the side entrance, Witness 2: The Taxonomist begins to walk in:

Neatly layered whole wheat sandwich, squared and pressed

Wears a crisp lab coat, pen in pocket

A glowing food pyramid pin on his lapel

Carries a clipboard with diagrams

Cold expression, analytical eyes, posture upright and measured

Text Bubble (Data Scientist, formal tone):
â€œYour Honor, I request to call our next witnessâ€¦ the Taxonomist.â€

Lighting:
Soft warm spotlight on the Data Scientist, cool light following the Taxonomistâ€™s entry path. Clean gradients to emphasize clarity over emotion.

Camera Angle:
Mid-wide shot, symmetrical layout â€” Data Scientist on the left, Judge elevated center, Taxonomist entering from right side. Optional inset panel: close-up of the Taxonomistâ€™s food pyramid pin glowing faintly.

Visual Elements:

Diagram glowing subtly on the Taxonomistâ€™s clipboard

Gallery reacts with curiosity â€” taco whispers, burger leans in

Floating title overlay:
â€œWitness 2 â€“ The Taxonomist: Order. Structure. Definition.â€. , manga style, vibrant colors",panel_10_v1_00001_.png
2025-04-17T03:29:31.816797,10.1,1,747632286252745,"â€œStructure is Everythingâ€ 
Style: Full-color manga panel with sharp, minimalist courtroom energy. Clean lines, crisp symmetry, and a scientific atmosphere. Less emotion, more clarity. Background should feel orderly, with cool lighting and diagram-focused detail.

Scene Description:
The Taxonomist, now seated in the witness box, sits upright and squared. His body is composed of perfectly stacked whole wheat bread slices, a precise layer of lettuce and meat in between. He wears a crisp white lab coat, and a food pyramid pin gleams on his chest. He pushes his graph-lensed glasses up his nose as he prepares to speak.

Behind him, a floating diagram illuminates the air â€” styled like a whiteboard hologram:

Title: â€œSandwich Structure Logicâ€

Equation: Bread + Filling = Sandwich

Arrows pointing to examples:
âœ… Sub
âœ… PB&J
âœ… Hotdog

Hotdog silhouette glows softly with a green checkmark âœ…

Text Bubble (Taxonomist, flat tone):
â€œBread. Filling. Contact. By structure? Itâ€™s in.â€

Lighting:
Cool white ambient light from the diagram. Spot lighting from above frames the Taxonomist like a university lecturer. Slight shadows beneath the witness box add depth.

Camera Angle:
Medium zoomed-in shot, Taxonomist centered. Hologram chart fully visible behind his head and shoulders. Optional close-up inset of the hotdog silhouette with green checkmark.

Visual Elements:

Glowing grid lines on the diagram

His clipboard rests at an angle on the stand with extra notes

A ruler and a small caliper poke from his coat pocket

The Bread Traditionalist frowns silently in the background

The Data Scientist watches attentively, arms crossed in approval. , manga style, vibrant colors",panel_10.1_v1_00001_.png
2025-04-17T03:29:31.818895,10.2,1,747632286252745,"â€œDefining a Sandwichâ€ â€”
Style: Full-color manga panel with clean, intellectual energy. Courtroom lighting with soft overhead glow, focused expressions, and high clarity. Characters should appear composed, professional, and highly stylized in manga detail â€” sharp linework with muted, academic tones.

Scene Description:
The Data Scientist, standing at the question podium, addresses the witness with respectful curiosity. Her shoulder-length brown hair, red glasses, and white tablet are iconic. She leans slightly forward, poised and precise, with a raised eyebrow and half-smile â€” genuinely curious, not combative.

Across from her, in the witness box, sits the Taxonomist â€” an impeccably structured sandwich wearing a white lab coat and food pyramid pin. His posture is rigid, his face expressionless behind square-framed graph paper glasses. He tilts his head slightly, as if loading a formula.

Text Bubbles:

Data Scientist (inquisitive, measured):
â€œDoctor, how do you define a sandwich?â€

Taxonomist (deadpan, immediate):
â€œTwo structural components of starch. One component of protein or vegetable. Contact is mandatory.â€

Lighting:
Soft spotlight over the Taxonomist. Slight halo behind the Data Scientist to accentuate her profile. Neutral cool tones to convey objectivity.

Camera Angle:
Split panel:

Left side: Mid-shot of Data Scientist from the front

Right side: Close-up on the Taxonomistâ€™s face and upper torso in the witness box

Optional inset: Diagram corner labeled â€œSandwich Logicâ€ with a checkmark floating over a hotdog outline.

Visual Elements:

The gallery watching silently, some scribbling notes

Judge Sandwich squinting in interest

Subtle reflections in Taxonomistâ€™s lenses

Data Scientistâ€™s hand lightly rests on the podium, glowing tablet face-down. , manga style, vibrant colors",panel_10.2_v1_00001_.png
2025-04-17T03:29:31.820808,10.3,1,747632286252745,"â€œContact Is Mandatoryâ€ 
Style: Full-color manga panel with minimalist, academic tone. Clinical composition, cool color palette, sharp linework. The vibe is analytical and highly ordered â€” everything from posture to props should feel obsessively neat.

Scene Description:
The Taxonomist sits upright in the witness box, his whole-wheat layered frame motionless, only his mouth moving. He wears a crisp white lab coat, a glowing food pyramid pin, and square spectacles etched like graph paper. His voice is flat, his tone without inflection.

Behind him floats a transparent diagram titled:
â€œTaxonomic Sandwich Logicâ€

With bullet points appearing as he speaks:

âœ… Two structural starch components

âœ… One protein or vegetable

âœ… Contact is mandatory

A faint glowing outline of a hotdog slides into the diagram framework, subtly emphasized but not flashy.

Text Bubble (Taxonomist, monotone, serif typeface):
â€œTwo structural components of starch. One component of protein or vegetable. Contact is mandatory.â€

Lighting:
Even, white ambient lighting â€” no shadows. Clinical, like a sterile lab. Background subtly fades into a whiteboard-textured gradient.

Camera Angle:
Frontal shot, chest-up, centered on the Taxonomist with the diagram behind him. Optional inset: diagram zoom-in showing bread and hotdog visual elements labeled like an anatomy chart.

Visual Elements:

Taxonomistâ€™s glasses reflect floating equation symbols

Gallery is muted in background blur â€” attention is locked on him

A fine digital glow outlines the floating diagram in pale blue

Judge Sandwich takes notes in a clipboard carved from baguette. , manga style, vibrant colors",panel_10.3_v1_00001_.png
2025-04-17T03:29:31.822847,10.4,1,747632286252745,"â€œAnd a Hotdog?â€ 
Style: Full-color manga panel with cinematic minimalism and subtle emotional tension. Think of it as the pause before the punchline â€” clean composition, sharp character focus, and a drop in courtroom noise. The moment feels small, but important.

Scene Description:
The Data Scientist stands calmly at the podium, arms gently crossed, tablet tucked under one arm. Her cappuccino-brown hair frames her thoughtful expression. Her red-rimmed glasses glint subtly. She leans forward just slightly, peering over the rim of her glasses at the Taxonomist.

Her tone is respectful, but a smirk tugs at one corner of her lips â€” the kind of smirk that knows sheâ€™s leading him into an answer he canâ€™t walk back from.

The Taxonomist is still, blinking once. His diagram behind him continues to hover, the hotdog outline glowing softly in green.

Text Bubble (Data Scientist, inquisitive and calm):
â€œAnd a hotdog?â€

Lighting:
Focused spotlight on the Data Scientistâ€™s face. Cooler white light behind the Taxonomist. Gallery dimmed to draw focus to the exchange.

Camera Angle:
Close-up on the Data Scientistâ€™s face from the Taxonomistâ€™s perspective. Optional inset: partial view of the diagram with the hotdog already highlighted.

Visual Elements:

Subtle breeze lifting the corner of her coat

A faint â€œâ€¦â€ speechless reaction in a side-panel from the Bread Traditionalist

Taxonomistâ€™s clipboard shown frozen mid-hover â€” no reaction yet. , manga style, vibrant colors",panel_10.4_v1_00001_.png
2025-04-17T03:29:31.824833,10.5,1,747632286252745,"â€œBy Structure? Itâ€™s In.â€ 
Style: Full-color manga panel with sharp focus, understated drama, and iconic delivery. The panel is clean, symmetrical, and almost surgical â€” itâ€™s a mic-drop delivered with a scalpel. Use digital interface aesthetics and crisp lighting to reinforce his precision.

Scene Description:
The Taxonomist sits without moving his upper body, eyes half-lidded. He raises one hand â€” gloved in clean parchment-white â€” and gently taps the floating diagram next to him with a stylus or fingertip.

He doesnâ€™t look up.

On the glowing diagram behind him, the hotdog outline â€” previously subtle â€” now glows bright green. A checkmark âœ… pulses next to it.

The gallery is silent. The Bread Traditionalist visibly recoils. The Judge Sandwich squints and lowers his gavel slightly.

Text Bubble (Taxonomist, flat tone):
â€œBread. Filling. Contact. By structure? Itâ€™s in.â€

Lighting:
Cool white from the diagram. Slight cinematic backlight outlining his body. Soft gradient shading on the courtroom background â€” the world recedes as the logic lands.

Camera Angle:
Side shot â€” the Taxonomist on the right, his finger tapping the center of the diagram. Gallery blurred in the back left. Optional inset: glowing green hotdog diagram with bold checkmark.

Visual Elements:

Diagram shows â€œBread + Filling = Sandwichâ€ with visual arrow pointing to hotdog

A small floating speech bubble from the gallery: â€œHeâ€™s... right?â€

A hush effect like manga-style â€œ...â€ across the bottom of the panel

Sandwich gavel creaks in the judgeâ€™s grip. , manga style, vibrant colors",panel_10.5_v1_00001_.png
2025-04-17T03:29:31.826723,10.6,1,747632286252745,"â€œIt Isnâ€™t Even Cut Through!â€ 
Style: Full-color manga panel with emotional exaggeration and sharp contrast. Use bold, jagged speech bubble styling, high-contrast shadows on the Traditionalist, and manga-style burst lines to amplify his sudden emotional outburst. This is his breaking point.

Scene Description:
The Bread Traditionalist, seated among the food citizen gallery, jumps halfway out of his seat, scroll still gripped in his hands, face red with frustration. Crumbs fly from his crusted edges, and one hand jabs into the air toward the diagram.

His once-composed scholarly look has cracked. The Sandwich Constitution scroll is slightly torn, shaking in his grasp.

The gallery around him recoils in shock. A sushi roll gasps, a burger covers its mouth, a falafel leans back in its seat.

Text Bubble (Bread Traditionalist, jagged outline, bold type):
â€œAbsurd! The bread isnâ€™t even cut through!â€

Lighting:
Spotlight narrows tightly on him. Background fades into vertical speed lines. Harsh shading across his face and coat for dramatic anger.

Camera Angle:
Medium shot from the front row of the gallery, angled up at the Bread Traditionalist. Optional inset: the scroll crumpling slightly in his shaking hands.

Visual Elements:

Crumbs flying, cheeks puffed, sweat bead

Wide eyes, furrowed brow â€” manga intensity

Shocked reactions from nearby characters

Floating caption in corner: â€œGallery disruption!â€. , manga style, vibrant colors",panel_10.6_v1_00001_.png
2025-04-17T03:29:31.828721,10.7,1,747632286252745,"â€œOrder in the Food Court!â€ 
Style: Full-color manga panel with bold, commanding energy. Use strong lighting, manga impact lines, and heavy serif lettering for the judgeâ€™s voice. This panel mirrors the tone of traditional courtroom manga moments â€” explosive, centered, and dramatic.

Scene Description:
At the front of the courtroom, the Judge Sandwich rises slightly from behind his toasted loaf bench, face stern and jaw clenched. His breadstick gavel slams down onto a pretzel coaster with explosive force â€” crumbs and mustard flecks fly into the air.

His powdered bread wig shakes slightly from the impact. His red-and-gold judicial sash flutters dramatically.

The gallery behind the Bread Traditionalist leans back in a ripple of silence. A hotdog balloon bounces slightly in the aftershock.

Text Bubble (Judge Sandwich, large bold serif, thunderous outline):
â€œORDER! Mr. Traditionalist, you will respect the rules of this court!â€

Lighting:
Harsh vertical spotlight from above, illuminating the judge and gavel. Background explodes into red and white manga-style burst lines.

Camera Angle:
Low upward angle from the gallery, emphasizing the judgeâ€™s dominance. Optional inset: the Bread Traditionalist mid-flinch, scroll lowering.

Visual Elements:

Breadstick gavel embedded slightly into the pretzel coaster

Mustard bottle â€œflagsâ€ flapping behind the judgeâ€™s head

Floating motion text across top: SLAM!. , manga style, vibrant colors",panel_10.7_v1_00001_.png
2025-04-17T03:29:31.830793,10.8,1,747632286252745,"â€œStill a Sandwich.â€ 
Style: Full-color manga panel with minimalist precision and quiet authority. Use clean lines, centered composition, and cool lighting. This is not a loud statement â€” itâ€™s sharp, subdued, and irrefutable. Let the silence speak for him.

Scene Description:
The Taxonomist, unfazed by the Bread Traditionalistâ€™s outburst and the judgeâ€™s gavel slam, leans forward slightly in his seat. With a calm hand, he adjusts his graph-paper spectacles, looking directly at the gallery.

His face remains emotionless â€” a pure embodiment of logic.
The floating sandwich structure diagram behind him now shifts subtly to show a sub roll outline highlighted with a green âœ… next to the hotdog.

Text Bubble (Taxonomist, crisp serif font, small but final):
â€œNeither is a sub roll. Still a sandwich.â€

Lighting:
Soft ambient glow from the diagram. A single focused highlight on his glasses as he tilts them. The rest of the courtroom is hushed, dimmed â€” this line cuts through like a whisper in a canyon.

Camera Angle:
Close-up of the Taxonomistâ€™s upper face, his fingers tilting the glasses. Reflected in the lens: the hotdog and sub silhouettes glowing side by side.

Optional split-panel: gallery reaction â€” taco wide-eyed, sushi blinking, Bread Traditionalist frozen.

Visual Elements:

Diagram labeled: â€œExceptions in Bread Morphology: Still Sandwichesâ€

A faint floating checkmark pulsing green near the sub roll

Judge Sandwich leaning back, arms crossed, contemplative

Small caption in corner: â€œWitness 2 testimony complete.â€. , manga style, vibrant colors",panel_10.8_v1_00001_.png
2025-04-17T03:29:31.832774,11,1,747632286252745,"â€œThe Court Continuesâ€¦â€ 
Style: Full-color manga panel with wide, balanced courtroom composition. Classic manga framing â€” symmetrical, formal, atmospheric. Emotional tone is tense but quiet, the kind of pause you get before the next act. Use clean gradients, warm wood textures, and subtle depth of field.

Scene Description:
A wide-angle view of the full courtroom, framed from the back of the gallery looking toward the front bench.

On the left side, the Hotdog sits in the defendant box, slouched slightly, visibly nervous. His eyes dart upward, one gloved hand gripping the bench, a single ketchup bead trailing down his brow. His chef hat droops slightly.

On the right side, the Data Scientist stands poised near the witness podium, arms crossed, tablet glowing at her side. Her red glasses reflect the light from the courtroom windows. Sheâ€™s steady, calm, and prepared.

At the center, high on the bench, the Judge Sandwich sits in a loaf-shaped chair, arms crossed in contemplation. His expression is unreadable â€” eyes slightly closed, one crusted brow raised.

The gallery is visible in soft blur â€” taco, burger, sushi, and falafel are still seated attentively.

Narration Box (at bottom center of panel):
â€œAnd so the courtroom sessions continuedâ€¦ as new witnesses prepared to take the stand.â€

Lighting:
Soft ambient courtroom light from stained-glass condiment windows. Warm mid-morning tones create a halo around the Judge. Cooler shadows near the Hotdog box add emotional contrast.

Camera Angle:
Ultra-wide angle from gallery-level â€” a formal lens that captures the courtroom layout, placing all players in frame. Optional vertical divider lines separating Hotdog, Judge, and Data Scientist visually.

Visual Elements:

Subtle sunbeam streaks across the floor

Gavel resting silently on the pretzel coaster

Hotdog's foot nervously tapping the floor

Gallery barely visible beyond the frame â€” muffled whispers hinted by ellipses â€œâ€¦â€. , manga style, vibrant colors",panel_11_v1_00001_.png
2025-04-17T03:29:31.834790,12,1,747632286252745,"â€œTechnically Yesâ€¦ Spiritually, Not Sure.â€ â€”
Style: Full-color manga panel with light satire, soft courtroom lighting, and expressive, quirky visual design. Blend gentle comedy with thoughtful ambiguity. Use expressive body language, asymmetry, and layered shading to mirror indecision.

Scene Description:
Seated nervously in the witness box is Witness 3: The Fence-Sitter, a unique food figure split down the middle.

The left half of their body is a perfectly square slice of sandwich bread â€” crusted edge, clean and traditional.

The right half is a round, fluffy bun â€” golden, slightly shiny, with sesame seeds.

Their clothing reflects the same divide:

One side wears a formal suit jacket, buttoned properly.

The other wears a hoodie with a ketchup stain.

Their expression is uncertain â€” one eyebrow raised, eyes darting sideways, hands folded awkwardly on the railing.

The gallery watches with mild confusion.
The Data Scientist is shown in the background, intrigued.
The Judge Sandwich stares, pen frozen above his notes.

Speech Bubble (Fence-Sitter, soft font, ellipses between pauses):
â€œTechnically yesâ€¦ spiritually, not sure.â€

Lighting:
Split-tone lighting â€” warm white light on the sandwich half, soft golden hue on the bun side. Shadows fall diagonally, hinting at their inner conflict.

Camera Angle:
Medium shot, head and shoulders, straight-on view. Symmetrical framing enhances the contrast between their two halves. Optional inset: close-up of their hands â€” one resting flat, the other curled nervously.

Visual Elements:

â€œUnsureâ€ symbol (ğŸ’­ or â€œ...â€) above their head

Gavel partially raised again in the judgeâ€™s hand

Gallery food characters whisper: â€œWaitâ€¦ what are they?â€

Caption overlay: â€œWitness 3 â€“ The Fence-Sitter: Split by nature. Torn by taxonomy.â€. , manga style, vibrant colors",panel_12_v1_00001_.png
2025-04-17T03:29:31.836902,13,1,747632286252745,"â€œItâ€™s Not Elegant Enough.â€ 
Style: Full-color manga panel with lavish, ornate detail and high-fashion courtroom flair. Think exaggerated culinary aristocracy â€” textures, gold glints, and flamboyant presence. Tone is dramatic and condescending, with regal manga flourishes.

Scene Description:
Seated like royalty in the witness box is Witness 4: The Culinary Snob â€” an over-the-top ciabatta sandwich with artisan flair.

The characterâ€™s bread body is dusted in flour with a deep, golden crust. One corner of the ciabatta loaf has a gold trim.

He wears a tailored, velvet double-breasted coat, over-accessorized with edible fashion.

An arugula monocle rests over one eye, held in place with a toothpick chain.

Around his neck is a linen cravat folded from prosciutto.

He holds a porcelain teacup filled with consommÃ©, delicately sipping while speaking.

His face is tilted upward, brows arched in judgment. A faint curl of a smirk crosses his lips.

The gallery looks annoyed or puzzled. The Judge Sandwich raises an unimpressed brow. The Data Scientist scribbles something onto her tablet.

Speech Bubble (Culinary Snob, elegant serif script, small and aloof):
â€œItâ€™s not elegant enough.â€

Lighting:
Warm, spotlight-style lighting angled like a stage. The Culinary Snob is bathed in gold tones. The background dims slightly to emphasize him as a one-man performance.

Camera Angle:
Low angle, three-quarters view from the gallery, making him appear elevated and superior. Optional inset: the arugula monocle sparkling dramatically.

Visual Elements:

His coat features a stitched embroidery that reads: â€œArtisan over averageâ€

Teacup has steam rising in the shape of an ampersand

Gallery characters whisper sarcastically: â€œHere we go...â€

Caption overlay: â€œWitness 4 â€“ The Culinary Snob: Class, crust, and contempt.â€. , manga style, vibrant colors",panel_13_v1_00001_.png
2025-04-17T03:29:31.838892,14,1,747632286252745,"â€œHe Fits In More Than I Ever Did.â€ â€” Page 14 Prompt
Style: Full-color manga panel with warm tones, communal framing, and emotional expressiveness. Use soft lighting and intimate composition. This is a panel of quiet power â€” voices rising not in outrage, but in understanding.

Scene Description:
In the audience gallery, the Burrito stands slightly, one hand placed firmly on the back of the seat in front. He wears a modest paper wrapper jacket â€” wrinkled and stained â€” and a checkered bandana around his base. His eyes are wide but kind, filled with sincerity.

Beside him, the Falafel â€” round, golden, slightly crumbling at the edges â€” nods quietly with a hand over his chest. He wears a shawarma-style robe stitched from flatbread.

The crowd parts slightly around them, giving space to this moment of truth. Even the Data Scientist turns to acknowledge their testimony.

The Hotdog looks up from the defendantâ€™s box â€” eyes wide, moved. The Judge Sandwich looks contemplative, tapping the gavel softly against the bench.

Speech Bubble (Burrito, with nod from Falafel):
â€œHe fits in more than I ever did.â€

Lighting:
Soft side lighting from the galleryâ€™s condiment stained-glass windows. Gentle golden hue across Burrito and Falafelâ€™s faces â€” as if truth is warming them.

Camera Angle:
Three-quarters view from across the gallery benches. Burrito and Falafel are mid-frame, with the blurred courtroom in the background. Optional inset: Hotdog tearing up in the corner of his eye.

Visual Elements:

Gallery characters pause, visibly touched

A taco in the back clutches a napkin

Small manga-style shimmer near the Falafelâ€™s eye

Floating caption in corner: â€œWitnesses of shared struggle step forward.â€. , manga style, vibrant colors",panel_14_v1_00001_.png
2025-04-17T03:29:31.840887,15,1,747632286252745,"â€œThe Fear of Everythingâ€ 
Style: Full-color manga panel with noir-inspired lighting, high shadow contrast, and political thriller undertones. Use deep vignette edges, glowing text overlays, and oppressive atmosphere. The tone should feel heavy, secretive, and slightly dystopian.

Scene Description:
The panel shows the backroom of the courtroom, dimly lit and filled with long shadows. Sitting behind the Judge Sandwich, partially obscured by columns and curtains, are his three advisors â€” all drawn in silhouette.

Theyâ€™re unidentifiable but food-based:

One has the tall shape of a breadstick, long and thin

Another is a sharp-edged cracker, layered in jagged tones

The third is a square-cut toast, slightly burned around the edges

Their mouths are the only clear part of their faces â€” whispering just behind their hands. They lean toward one another as if orchestrating a darker dialogue.

Above and around them, floating ghostly words swirl in stylized manga font:

â€œchaosâ€
â€œtraditionâ€
â€œidentityâ€
â€œslippery slopeâ€
â€œwhat ifâ€¦â€

Their whispers are faint but ominous.

Text Bubble (Shadow Advisor, dripping serif font):
â€œIf we let this inâ€¦ what next? Pop tarts? Pizza slices?â€

Lighting:
Dark grays and purples dominate the frame. A narrow beam of light outlines the advisor silhouettes. The swirling word-clouds faintly glow like psychic projections.

Camera Angle:
High overhead angle looking down slightly on the advisors â€” like surveillance footage or a security camera view. Optional inset: Judge Sandwichâ€™s eye glancing sideways.

Visual Elements:

The courtroom doors loom behind them, sealed

A faint projection of Hotdogâ€™s silhouette flickers in the background

A slow drip from a cracked teacup echoes in silence

Caption at the bottom: â€œDoubt spreads like smoke through old walls.â€. , manga style, vibrant colors",panel_15_v1_00001_.png
2025-04-17T03:29:31.842922,16,1,747632286252745,"â€œReflections in Silenceâ€ 
Style: Full-color manga panel with soft, moody introspection. Use a muted color palette, shallow depth of field, and interior lighting that casts gentle shadows. The tone is quiet, pensive, and deeply human â€” like a scholar meditating on a moral debate.

Scene Description:
The Data Scientist stands alone in a narrow hallway just outside the courtroom doors, which loom silently behind her. The corridor is lined with tiled walls, soft golden wood paneling, and old legal plaques referencing past food rulings â€” barely visible in the blur.

Sheâ€™s no longer holding her tablet â€” it rests tucked under her arm â€” her other hand rests against the wall lightly. Sheâ€™s staring at a glowing word cloud projected on the wall across from her, fed from the courtroomâ€™s ambient tech system.

Floating Words (holographic, in soft manga font):

â€œTechnicallyâ€

â€œTraditionâ€

â€œBreadâ€

â€œEmotionâ€

â€œDependsâ€

â€œIdentityâ€

â€œBunâ€

Each word is styled differently â€” some glitchy, some clean, some fading mid-air.

Character Details (consistent):

Short Indian woman, shoulder-length brown hair, red-rimmed glasses, smart coat, glowing white tablet tucked under arm

Expression: thoughtful, tired but focused

Body posture: relaxed but slightly leaned forward, like sheâ€™s reading and processing

Ambient light reflects gently on her glasses

Lighting:
Dim hallway lighting with pale blue glow from the word cloud. A soft gold rim light from the door crack behind her. Shadow of her figure slightly stretched on the wall.

Camera Angle:
Mid-wide profile shot. Sheâ€™s on the left of the frame, the word cloud dominates the right. Optional inset: a close-up of the word â€œEmotionâ€ hovering right in front of her glasses.

Visual Elements:

A faint sound effect box with â€œ...beep... beep...â€ from ambient tech

Dust motes floating in the air

Her breath visible as a soft wisp (indoor chill)

Caption in bottom right: â€œWhat defines us? Structure? Sentiment? Or something in between?â€. , manga style, vibrant colors",panel_16_v1_00001_.png
2025-04-17T03:29:31.845219,17,1,747632286252745,"â€œLet the People Decideâ€ 
Style: Full-color manga panel with grand, formal composition. Think Supreme Court meets fantasy tribunal â€” dramatic backlighting, architectural symmetry, and quiet suspense. Use a color palette of deep mahogany, soft golds, and bold shadows.

Scene Description:
At the center of the courtroom, the Judge Sandwich stands tall behind the elevated loaf-shaped bench, both hands gripping the sides as he leans forward. His powdered bread wig cascades dramatically, and his crusted brow is furrowed in weighty contemplation.

He is silhouetted by sunlight pouring through stained-glass condiment windows behind him â€” abstract depictions of food legends (e.g., the first grilled cheese, the myth of the Reuben, the fall of the wrap).

In front of him, the Data Scientist stands to one side, arms gently crossed. The Hotdog sits upright in the defendant box, wide-eyed and alert.

The gallery is full and silent. Dozens of food citizens await his declaration.

Speech Bubble (Judge Sandwich, formal serif):
â€œThe law is divided. The people must decide.â€

Lighting:
Golden sunbeams break through high stained-glass panels, casting red and yellow reflections across the chamber floor. One long ray touches the hotdog.

Camera Angle:
High angle from above the judgeâ€™s bench, looking down at the courtroom and gallery. Optional inset: the ballot box being rolled in on a cart shaped like a casserole dish.

Visual Elements:

Floating caption: â€œChapter 7: The Voteâ€

Small hush text across the gallery: â€œ...murmur...â€

A food citizen in the back clutches a fork-shaped ballot

Decorative banner above reads: â€œCulinary Democracy in Actionâ€. , manga style, vibrant colors",panel_17_v1_00001_.png
2025-04-17T03:29:31.847222,18,1,747632286252745,"Casting the Voteâ€ 
Style: Full-color manga panel with ceremonial elegance and subtle emotion. Think voting in a whimsical democracy â€” part political cartoon, part fantasy pageantry. Use soft lighting, clean manga composition, and gentle symbolism throughout.

Scene Description:
The center of the courtroom floor now features two tomato cans â€” one labeled YES, one NO â€” mounted on small, ornate wooden podiums. They resemble old-fashioned ballot boxes but are shaped like open crushed-tomato tins with golden trim.

Lining up along an aisle, food citizens wait with solemn expressions. Each one holds a fork-shaped ballot (with stylized tines shaped like checkboxes). One by one, they insert their forks into the cans with quiet resolve.

In the foreground:

A taco drops in a YES vote, looking proud

A bagel hesitates at the line, biting a lip

A dumpling walks past confidently

The falafel gently guides a child toward the can

In the background:

The Judge Sandwich watches silently

The Data Scientist stands off to the side, eyes closed, breathing in deeply

The Hotdog, still in the defendant box, clasps his hands nervously

Caption Box (bottom center):
â€œAnd so, one by one, the people decidedâ€¦â€

Lighting:
Warm, low-angle sunlight through high stained-glass windows. A soft glow hovers over the ballot cans. Light reflects off the metal tines of the ballots as they go in.

Camera Angle:
Mid-wide angle, slightly tilted up from the floor between the ballot boxes, giving a sacred, elevated sense to each cast vote.

Optional inset: Close-up of a fork ballot going into the YES can, sound effect text: clink.

Visual Elements:

Tomato labels on the cans read: â€œThe People's Flavorâ€

Each voter shown in full personality â€” neat, messy, old, young

Gavel rests quietly in the judgeâ€™s hand, not yet raised

Background slightly blurred â€” full focus on the symbolic act. , manga style, vibrant colors",panel_18_v1_00001_.png
2025-04-17T03:29:31.849263,19,1,747632286252745,"â€œThe Pie Chart Formsâ€ 
Style: Full-color manga panel with cinematic suspense, glowing visual data, and layered focus. Think of this like the election-night moment in a sci-fi courtroom. Use glowing effects, a centered composition, and expressive character close-ups.

Scene Description:
A giant floating pie chart has appeared above the center of the courtroom, projected magically or via courtroom tech â€” translucent, glowing, and animated as the slices form.

The chart title glows in serif script:
â€œIs a Hotdog a Sandwich?â€

As the slices solidify:

âœ… YES â€“ 38%

âŒ NO â€“ 55%

ğŸ¤” It Depends â€“ 6%

ğŸš« Refused â€“ 1%

Each wedge is colored in soft pastels â€” green, red, orange, and brown, respectively â€” with percentage labels floating neatly above them.

Below the chart:

The Judge Sandwich looks up, face neutral but tight-lipped

The Hotdog grips the railing of the defendant box tightly, eyes wide

The Data Scientist stands motionless, her glasses reflecting the glowing chart

The gallery stares upward, mouths slightly open, frozen in anticipation

Text Bubble (Judge Sandwich, calm and suspenseful):
â€œItâ€™sâ€¦ close.â€

Lighting:
The glowing pie chart is the dominant light source, casting colored light onto the floor and characters below. The rest of the room fades into dim golds and shadows.

Camera Angle:
Overhead shot looking down at the pie chart with the circular courtroom beneath it, symbolizing inclusion or exclusion. Optional inset: close-up on Hotdogâ€™s hands tightening.

Visual Elements:

Text overlay on chart: â€œFinal Tally â€“ Food Court Voting Act 202Xâ€

Gallery is dead silent â€” no sound effects

Floating subtitle in corner: â€œPage 20 â€” The Edge of a Verdictâ€. , manga style, vibrant colors",panel_19_v1_00001_.png
2025-04-17T03:29:31.851721,20,1,747632286252745,"â€œThe Verdictâ€ 
Style: Full-color manga panel with cinematic gravitas. Strong framing, sharp lighting on the judge, and expressive reactions across the courtroom. This is the emotional payoff â€” authoritative, symbolic, and victorious.

Scene Description:
The Judge Sandwich stands tall behind the bench. One hand is raised high, gripping the breadstick gavel, while the other rests beside an ancient law book topped with a mustard bookmark.

His toasted crust face is solemn but softened â€” this isnâ€™t a gavel of punishment, but of inclusion.

The entire courtroom is silent, heads tilted toward him in breathless anticipation.
The Hotdog, still seated in the defendant box, leans forward with clenched gloves, sweat beading at his brow.
The Data Scientist stares ahead â€” confident, but emotional.

Text Bubble (Judge Sandwich, firm and warm):
â€œThe hotdog is herebyâ€¦ acknowledged as part of the sandwich continuum.â€

Lighting:
A beam of golden light pours through the stained-glass ketchup and mustard windows, spotlighting the Hotdog. Dust motes shimmer in the air. The gavel shines faintly.

Camera Angle:
Low upward angle from Hotdogâ€™s perspective, with the Judge Sandwich looming in divine symmetry. Optional inset: The breadstick gavel striking a buttered toast sound block â€” â€œTHWACK!â€

Visual Elements:

Caption overlay: â€œPage 21 â€” The Bun Is Judgedâ€

The floating pie chart fades behind the judge

Gallery eyes wide, many with tears

Gavel leaves a crumb burst on impact

Hotdogâ€™s hat lifts slightly from the gust of approval. , manga style, vibrant colors",panel_20_v1_00001_.png
2025-04-17T03:29:31.854266,21,1,747632286252745,"I Just Wanted to Belong.â€ 
Style: Full-color manga close-up panel with soft cinematic lighting, subtle glow, and quiet atmosphere. Use emotional facial detailing, shallow depth of field, and warm golden hues. The tone is intimate â€” the story narrows from the courtroom to one face and one feeling: belonging.

Scene Description:
The Hotdog, now standing just outside the courtroom doors, looks directly at the viewer â€” breaking the fourth wall. His eyes are soft, slightly misty, but hopeful. The ketchup bead once dripping in fear is now dry. His red apron hangs gently, and his chef hat is straightened.

Heâ€™s not smiling broadly, but thereâ€™s a sense of peace â€” of quiet validation.

The background is a soft blur of the courtroom interior, with food citizens chatting, some hugging, others still seated. The colors are warm and low-saturated â€” like a sunlit memory.

Text Bubble (Hotdog, soft and direct):
â€œI never wanted to be anything else. I just wanted to belong.â€

Lighting:
Golden hour backlight wraps around the Hotdogâ€™s silhouette. Gentle lens flare touches the edge of his hat. Soft reflection in his eyes shows the courtroom door fading behind him.

Camera Angle:
Tight close-up, centered on his face and upper chest. Optional subtle tilt downward, making his look slightly upward â€” evoking humility.

Visual Elements:

A faint shadow of a sandwich looms beside him â€” not ominous, just symbolic

Background gallery blurred like a memory

Caption below the panel: â€œThe Bun Never Lies.â€. , manga style, vibrant colors",panel_21_v1_00001_.png
